Issue Type,Issue key,Issue id,Summary,Custom field (Vehicle ID),Custom field (Hardware_Details),Custom field (Hardware_Details),Custom field (RFDS Alert(s)),Custom field (Comment for Customer),Custom field (Date and Time),Custom field (Internal Comments),Status
Bug,BUG-71182,141169,"Breakdown, Ingress caused by FATAL alert: Electronic Power Steering Sensor Mismatch, PSA8391 20251127-124955",PSA8391,Steering,,Electronic Power Steering Sensor Mismatch,Venti_Hardware,2025-11-27 12:49:00,Service recovery - Electronic Power Steering Sensor Mismatch,Root Cause Analysis
Bug,BUG-70272,139113,"Breakdown, Ingress caused by FATAL alert: Brake Maintenance Required, PSA8401 20251112-153859",PSA8401,Brake,,Brake Maintenance Required (Front Brakes),Venti_Hardware,2025-11-12 03:38:00,,Initial Review
Bug,BUG-70271,139112,"Breakdown, Ingress caused by FATAL alert: Brake Maintenance Required, PSA8401 20251112-125406",PSA8401,Brake,,Brake Maintenance Required (Front Brakes),Venti_Hardware,2025-11-12 12:54:00,,Initial Review
Bug,BUG-70269,139110,"Breakdown, Ingress caused by FATAL alert: Brake Maintenance Required, PSA8401 20251112-110857",PSA8401,Brake,,Brake Maintenance Required (Front Brakes),Venti_Hardware,2025-11-12 11:08:00,,Initial Review
Bug,BUG-69697,138445,"Breakdown, Ingress caused by FATAL alert: Brake Maintenance Required, PSA8401 20251110-133840",PSA8401,Brake,,Brake Maintenance Required (Front Brakes),Venti_Hardware,2025-11-10 01:38:00,,Initial Review
Bug,BUG-69366,138085,"Breakdown, Ingress caused by FATAL alert: Brake Maintenance Required, PSA8401 20251112-031841",PSA8401,Brake,,Brake Maintenance Required (Front Brakes),Venti_Hardware,2025-11-12 03:18:00,,Initial Review
Bug,BUG-69365,138084,"Breakdown, Ingress caused by FATAL alert: Brake Maintenance Required, PSA8401 20251111-084749",PSA8401,Brake,,Brake Maintenance Required (Front Brakes),Venti_Hardware,2025-11-11 08:47:00,,Initial Review
Bug,BUG-69364,138083,"Breakdown, Ingress caused by FATAL alert: Brake Maintenance Required, PSA8401 20251111-064418",PSA8401,Brake,,Brake Maintenance Required (Front Brakes),Venti_Hardware,2025-11-11 06:44:00,,Initial Review
Bug,BUG-67931,136336,"Breakdown, Ingress caused by FATAL alert: Brake Maintenance Required, PSA8401 20251029-235052",PSA8401,Brake,,Brake Maintenance Required (Front Brakes),PSA_Hardware,2025-10-29 11:50:00,,Initial Review
Bug,BUG-67930,136335,"Breakdown, Ingress caused by FATAL alert: Brake Maintenance Required, PSA8401 20251029-023313",PSA8401,Brake,,Brake Maintenance Required (Front Brakes),"PSA_Hardware, Venti_Hardware",2025-10-29 02:33:00,,Initial Review
Bug,BUG-67929,136334,"Breakdown, Ingress caused by FATAL alert: Brake Maintenance Required, PSA8401 20251029-012440",PSA8401,Brake,,Brake Maintenance Required (Front Brakes),PSA_Hardware,2025-10-29 01:24:00,,Initial Review
Bug,BUG-67926,136330,"Breakdown, Ingress caused by FATAL alert: Brake Maintenance Required, PSA8401 20251030-041412",PSA8401,Brake,,Brake Maintenance Required (Front Brakes),"PSA_Hardware, Venti_Hardware",2025-10-30 04:14:00,,Initial Review
Bug,BUG-67925,136329,"Breakdown, Ingress caused by FATAL alert: Brake Maintenance Required, PSA8401 20251030-003139",PSA8401,Brake,,Brake Maintenance Required (Front Brakes),"PSA_Hardware, Venti_Hardware",2025-10-30 12:31:00,,Initial Review
Bug,BUG-69698,138446,"Breakdown, Ingress caused by FATAL alert: Brake Maintenance Required, PSA8401 20251111-045038",PSA8401,Brake,,Brake Maintenance Required (Front Brakes),Venti_Hardware,2025-11-11 04:50:00,,Initial Review
Bug,BUG-69165,137758,"Breakdown, Ingress caused by FATAL alert: Brake Maintenance Required, PSA8401 20251110-010646",PSA8401,Brake,,Brake Maintenance Required Imbalance Brake signals (Front Brakes),Venti_Hardware,2025-11-10 01:06:00,,Initial Review
Bug,BUG-69164,137757,"Breakdown, Ingress caused by FATAL alert: Brake Maintenance Required, PSA8401 20251109-151812",PSA8401,Brake,,Brake Maintenance Required Imbalance Brake signals (Front Brakes),Venti_Hardware,2025-11-09 03:18:00,,Initial Review
Bug,BUG-70668,140207,"[road_handler]Breakdown, Ingress caused by FATAL alert: Critical Middleware Fault, PSA8401 20251120-150119",PSA8401,Others,,Critical Middleware Fault,,2025-11-20 03:01:00,[Planning][Route_handler]: Replan path is a looping path causing it looked up to a wrong starting seg idx,Initial Review
Bug,BUG-71316,141384,"Breakdown, Ingress caused by FATAL alert: Electronic Power Steering Motor Error, PSA8401 20251129-054700",PSA8401,Steering,,Electronic Power Steering Motor Error,Venti_Hardware,2025-11-29 05:47:00,,Developer Review
Bug,BUG-69072,137602,"On Hold, Ingress PSA8402 20251107-141613",PSA8402,PSA Network latency,,AVCS Middleware Fault,PSA_Hardware,2025-11-07 02:16:00,,Initial Review
Bug,BUG-69222,137853,"On Hold, Ingress PSA8402 20251109-140919",PSA8402,Others,PSA Network latency,AVCS Middleware Fault,PSA_Hardware,2025-11-09 02:09:00,,Initial Review
Bug,BUG-69224,137855,"On Hold, Ingress PSA8402 20251110-015254",PSA8402,Others,PSA Network latency,AVCS Middleware Fault,PSA_Hardware,2025-11-10 01:52:00,,Initial Review
Bug,BUG-70393,139348,"Breakdown, Ingress caused by FATAL alert: Brake Reservoir Pressure Recharge Failed, PSA8402 20251116-212223",PSA8402,Brake,,Brake Reservoir Pressure Recharge Failed,PSA_Hardware,2025-11-16 09:22:00,Service recovery - Brake Pressure Recharge Failed,Root Cause Analysis
Bug,BUG-67660,135893,"Breakdown, Ingress caused by FATAL alert: Critical Middleware Fault, PSA8402 20251102-141452",PSA8402,,,Critical Middleware Fault,Lane change,2025-11-02 02:14:00,[Planning][Route_handler]: Replan path is a looping path causing it looked up to a wrong starting seg idx,Root Cause Analysis
Bug,BUG-69729,138482,"[Ingress due to no armg instruction]On Hold, Ingress PSA8402 20251111-091508",PSA8402,Others,,No Alert - Heartbeat connection loss,Connection Lost,2025-11-11 09:15:00,,Done
Bug,BUG-67688,135930,"[Road blockage, unable to path select]On Hold, Ingress PSA8403 20251102-220147",PSA8403,,,Driverless Flag Mismatch,,2025-11-02 10:01:00,,Initial Review
Bug,BUG-70373,139298,"[FMR due to no armg instruction]On Hold, Ingress PSA8403 20251115-121941",PSA8403,DVR,,DVR Camera Connection Error (Trailer Blind Spot),Venti_Hardware,2025-11-15 12:19:00,,Initial Review
Bug,BUG-71511,141738,"Breakdown, Ingress caused by FATAL alert: Electronic Power Steering Sensor Mismatch, PSA8403 20251127-064154",PSA8403,Steering,,Electronic Power Steering Sensor Mismatch,Venti_Hardware,2025-11-27 06:41:00,Service recovery - Electronic Power Steering Sensor Mismatch,Root Cause Analysis
Bug,BUG-71507,141723,"Breakdown, Ingress caused by FATAL alert: Electronic Power Steering Sensor Mismatch, PSA8403 20251127-080919",PSA8403,Steering,,Electronic Power Steering Sensor Mismatch,Venti_Hardware,2025-11-27 08:09:00,Service recovery - Electronic Power Steering Sensor Mismatch,Root Cause Analysis
Bug,BUG-71506,141722,"Breakdown, Ingress caused by FATAL alert: Electronic Power Steering Sensor Mismatch, PSA8403 20251127-070221",PSA8403,Steering,,Electronic Power Steering Sensor Mismatch,Venti_Hardware,2025-11-27 07:02:00,Service recovery - Electronic Power Steering Sensor Mismatch,Root Cause Analysis
Bug,BUG-70748,140479,"Breakdown, Ingress caused by FATAL alert: Electronic Power Steering Sensor Mismatch, PSA8403 20251124-065044",PSA8403,,,Electronic Power Steering Sensor Mismatch,,2025-11-24 06:50:00,Service recovery - Electronic Power Steering Sensor Mismatch,Initial Review
Bug,BUG-70733,140454,"Breakdown, Ingress caused by FATAL alert: Electronic Power Steering Sensor Mismatch, PSA8403 20251124-062647",PSA8403,,,Electronic Power Steering Sensor Mismatch,,2025-11-24 06:26:00,Service recovery - Electronic Power Steering Sensor Mismatch,Initial Review
Bug,BUG-70731,140447,"Breakdown, Ingress caused by FATAL alert: Electronic Power Steering Sensor Mismatch, PSA8403 20251122-220429",PSA8403,Steering,,Electronic Power Steering Sensor Mismatch,Venti_Hardware,2025-11-22 10:04:00,Service recovery - Electronic Power Steering Sensor Mismatch,Initial Review
Bug,BUG-70377,139302,"Breakdown, Ingress caused by FATAL alert: Electronic Power Steering Sensor Mismatch, PSA8403 20251115-225107",PSA8403,Steering,,Electronic Power Steering Sensor Mismatch,Venti_Hardware,2025-11-15 10:51:00,Service recovery - Electronic Power Steering Sensor Mismatch,Initial Review
Bug,BUG-70376,139301,"Breakdown, Ingress caused by FATAL alert: Electronic Power Steering Sensor Mismatch, PSA8403 20251115-124103",PSA8403,Steering,,Electronic Power Steering Sensor Mismatch,Venti_Hardware,2025-11-15 12:41:00,Service recovery - Electronic Power Steering Sensor Mismatch,Initial Review
Bug,BUG-70370,139294,"Breakdown, Ingress caused by FATAL alert: Electronic Power Steering Sensor Mismatch, PSA8403 20251115-074241",PSA8403,Steering,,Electronic Power Steering Sensor Mismatch,Venti_Hardware,2025-11-15 07:42:00,Service recovery - Electronic Power Steering Sensor Mismatch,Initial Review
Bug,BUG-70274,139115,"Breakdown, Ingress caused by FATAL alert: Electronic Power Steering Sensor Mismatch, PSA8403 20251114-091738",PSA8403,Steering,,Electronic Power Steering Sensor Mismatch,Venti_Hardware,2025-11-14 09:17:00,Service recovery - Electronic Power Steering Sensor Mismatch,Initial Review
Bug,BUG-69723,138476,"Breakdown, Ingress caused by FATAL alert: Electronic Power Steering Sensor Mismatch, PSA8403 20251111-022547",PSA8403,Steering,,Electronic Power Steering Sensor Mismatch,Venti_Hardware,2025-11-11 02:25:00,Service recovery - Electronic Power Steering Sensor Mismatch,Initial Review
Bug,BUG-69722,138475,"Breakdown, Ingress caused by FATAL alert: Electronic Power Steering Sensor Mismatch, PSA8403 20251110-165307",PSA8403,Steering,,Electronic Power Steering Sensor Mismatch,Venti_Hardware,2025-11-10 04:53:00,Service recovery - Electronic Power Steering Sensor Mismatch,Initial Review
Bug,BUG-69370,138089,"Breakdown, Ingress caused by FATAL alert: Electronic Power Steering Sensor Mismatch, PSA8403 20251112-021225",PSA8403,Steering,,Electronic Power Steering Sensor Mismatch,Venti_Hardware,2025-11-12 02:12:00,Service recovery - Electronic Power Steering Sensor Mismatch,Initial Review
Bug,BUG-69369,138088,"Breakdown, Ingress caused by FATAL alert: Electronic Power Steering Sensor Mismatch, PSA8403 20251111-113241",PSA8403,Steering,,Electronic Power Steering Sensor Mismatch,Venti_Hardware,2025-11-11 11:32:00,Service recovery - Electronic Power Steering Sensor Mismatch,Initial Review
Bug,BUG-67689,135931,"Breakdown, Ingress caused by FATAL alert: Electronic Power Steering Sensor Mismatch, PSA8403 20251101-032414",PSA8403,Steering,,Electronic Power Steering Sensor Mismatch,Venti_Hardware,2025-11-01 03:24:00,Service recovery - Electronic Power Steering Sensor Mismatch,Initial Review
Bug,BUG-67652,135881,"Breakdown, Ingress caused by FATAL alert: Electronic Power Steering Sensor Mismatch, PSA8403 20251101-013407",PSA8403,Steering,,Electronic Power Steering Sensor Mismatch,Venti_Hardware,2025-11-01 01:34:00,Service recovery - Electronic Power Steering Sensor Mismatch,Initial Review
Bug,BUG-67651,135880,"Breakdown, Ingress caused by FATAL alert: Electronic Power Steering Sensor Mismatch, PSA8403 20251031-180930",PSA8403,Steering,,Electronic Power Steering Sensor Mismatch,Venti_Hardware,2025-10-31 06:09:00,Service recovery - Electronic Power Steering Sensor Mismatch,Initial Review
Bug,BUG-67212,135123,"[RTG]On Hold, Ingress PSA8403 20251026-211838",PSA8403,,,,,2025-10-26 09:18:00,,Initial Review
Bug,BUG-69159,137747,"[Critically Low Brake Reservoir] On Hold, Ingress PSA8404 20251107-175857",PSA8404,LiDAR,,Critically Low Brake Reservoir Pressure (Front Brakes),False positive obs points,2025-11-07 05:58:00,,Initial Review
Bug,BUG-71314,141382,"Breakdown, Ingress caused by FATAL alert: Electronic Power Steering Motor Error, PSA8404 20251128-222816",PSA8404,Steering,,Electronic Power Steering Motor Error,Venti_Hardware,2025-11-28 10:28:00,,Developer Review
Bug,BUG-71313,141381,"Breakdown, Ingress caused by FATAL alert: Electronic Power Steering Moto Error, PSA8404 20251128-222915",PSA8404,Steering,,Electronic Power Steering Motor Error,Venti_Hardware,2025-11-28 10:29:00,"Service recovery - Brake Pressure Recharge Failed, Electronic Power Steering Moto Error",Root Cause Analysis
Bug,BUG-67381,135372,"[FMF+bring back to SR bay and reboot]On Hold, Ingress PSA8404 20251028-212222",PSA8404,,,,Bounding Box Estimation,2025-10-28 09:22:00,,Initial Review
Bug,BUG-70891,140691,"Breakdown, Ingress caused by LiDAR Connection Error (Front RS-LiDAR-M1) alerts, PSA8405 20251125-234142",PSA8405,LiDAR,,LiDAR Connection Error (Front RS-LiDAR-M1),Venti_Hardware,2025-11-25 11:41:00,Service recovery - Lidar connection,Root Cause Analysis
Bug,BUG-70890,140690,"Breakdown, Ingress caused by LiDAR Connection Error (Front RS-LiDAR-M1) alerts, PSA8405 20251125-230512",PSA8405,LiDAR,,LiDAR Connection Error (Front RS-LiDAR-M1),Venti_Hardware,2025-11-25 11:05:00,Service recovery - Lidar connection,Root Cause Analysis
Bug,BUG-70868,140663,"Breakdown, Ingress caused by LiDAR Connection Error (Front RS-LiDAR-M1) alerts, PSA8405 20251125-160133",PSA8405,LiDAR,,LiDAR Connection Error (Front RS-LiDAR-M1),Venti_Hardware,2025-11-25 04:01:00,Service recovery - Lidar connection,Root Cause Analysis
Bug,BUG-69236,137879,"Breakdown, Ingress caused by LiDAR Connection Error (Front RS-LiDAR-M1) alerts, PSA8405 20251109-164249",PSA8405,LiDAR,,LiDAR Connection Error (Front RS-LiDAR-M1),Venti_Hardware,2025-11-09 04:42:00,Service recovery - Lidar connection,Root Cause Analysis
Bug,BUG-69235,137878,"Breakdown, Ingress caused by LiDAR Connection Error (Front RS-LiDAR-M1) alerts, PSA8405 20251109-142643",PSA8405,LiDAR,,LiDAR Connection Error (Front RS-LiDAR-M1),Venti_Hardware,2025-11-09 02:26:00,Service recovery - Lidar connection,Root Cause Analysis
Bug,BUG-69234,137877,"Breakdown, Ingress caused by LiDAR Connection Error (Front RS-LiDAR-M1) alerts, PSA8405 20251109-124704",PSA8405,LiDAR,,LiDAR Connection Error (Front RS-LiDAR-M1),Venti_Hardware,2025-11-09 12:47:00,Service recovery - Lidar connection,Root Cause Analysis
Bug,BUG-69188,137783,"Breakdown, Ingress caused by LiDAR Connection Error (Front RS-LiDAR-M1) alerts, PSA8405 20251109-033353",PSA8405,LiDAR,,LiDAR Connection Error (Front RS-LiDAR-M1),Venti_Hardware,2025-11-09 03:33:00,Service recovery - Lidar connection,Root Cause Analysis
Bug,BUG-69080,137610,"Breakdown, Ingress caused by LiDAR Connection Error (Front RS-LiDAR-M1) alerts, PSA8405 20251105-202232",PSA8405,LiDAR,,LiDAR Connection Error (Front RS-LiDAR-M1),Venti_Hardware,2025-11-05 08:22:00,Service recovery - Lidar connection,Root Cause Analysis
Bug,BUG-69076,137606,"Breakdown, Ingress caused by LiDAR Connection Error (Front RS-LiDAR-M1) alerts, PSA8405 20251107-121450",PSA8405,LiDAR,,LiDAR Connection Error (Front RS-LiDAR-M1),Venti_Hardware,2025-11-07 12:14:00,Service recovery - Lidar connection,Root Cause Analysis
Bug,BUG-69075,137605,"Breakdown, Ingress caused by LiDAR Connection Error (Front RS-LiDAR-M1) alerts, PSA8405 20251107-101759",PSA8405,LiDAR,,LiDAR Connection Error (Front RS-LiDAR-M1),Venti_Hardware,2025-11-07 10:17:00,Service recovery - Lidar connection,Root Cause Analysis
Bug,BUG-67665,135899,"Breakdown, Ingress caused by LiDAR Connection Error (Front RS-LiDAR-M1) alerts, PSA8405 20251031-155716",PSA8405,LiDAR,,LiDAR Connection Error (Front RS-LiDAR-M1),Venti_Hardware,2025-10-31 03:57:00,Service recovery - Lidar connection,Root Cause Analysis
Bug,BUG-70820,140586,"Breakdown, Ingress caused by LiDAR Connection Error (Top Front RS-LiDAR-16) alerts, PSA8405 20251122-050444",PSA8405,LiDAR,,LiDAR Connection Error (Top Front RS-LiDAR-16),Venti_Hardware,2025-11-22 05:04:00,Service recovery - Lidar connection,Root Cause Analysis
Bug,BUG-69168,137761,"Breakdown, Ingress caused by LiDAR Connection Error (Top Front RS-LiDAR-16) alerts, PSA8405 20251108-164611",PSA8405,LiDAR,,LiDAR Connection Error (Top Front RS-LiDAR-16),Venti_Hardware,2025-11-08 04:46:00,Service recovery - Lidar connection,Root Cause Analysis
Bug,BUG-71173,141150,"[road_handler]Breakdown, Ingress caused by FATAL alert: Critical Middleware Fault, PSA8406 20251126-111123",PSA8406,Others,,Critical Middleware Fault,Path Selection by ROO,2025-11-26 11:11:00,[Planning][Route_handler]: Replan path is a looping path causing it looked up to a wrong starting seg idx,Root Cause Analysis
Bug,BUG-70504,139555,"[Critically High Compute Box Temperature]On Hold, Ingress PSA8406 20251118-003320",PSA8406,Aircon,,Critically High Compute Box Temperature,PSA_Hardware,2025-11-18 12:33:00,,Initial Review
Bug,BUG-71312,141380,"Breakdown, Ingress caused by FATAL alert: Engine Maintenance Required, PSA8406 20251129-014520",PSA8406,Engine,,Engine Maintenance Required,PSA_Hardware,2025-11-29 01:45:00,,Developer Review
Bug,BUG-70816,140582,"Breakdown, Ingress caused by FATAL alert: Engine Maintenance Required, PSA8406 20251122-015103",PSA8406,Engine,,Engine Maintenance Required,"PSA_Hardware, Venti_Hardware",2025-11-22 01:51:00,,Developer Review
Bug,BUG-71309,141377,"Breakdown, Ingress caused by FATAL alert: Brake Reservoir Pressure Recharge Failed, PSA8407 20251128-215305",PSA8407,Brake,,Brake Reservoir Pressure Recharge Failed,PSA_Hardware,2025-11-28 09:53:00,Service recovery - Brake Pressure Recharge Failed,Root Cause Analysis
Bug,BUG-71308,141376,"Breakdown, Ingress caused by FATAL alert: Brake Reservoir Pressure Recharge Failed, PSA8407 20251128-201123",PSA8407,Brake,,Brake Reservoir Pressure Recharge Failed,PSA_Hardware,2025-11-28 08:11:00,Service recovery - Brake Pressure Recharge Failed,Root Cause Analysis
Bug,BUG-71307,141375,"Breakdown, Ingress caused by FATAL alert: Brake Reservoir Pressure Recharge Failed, PSA8407 20251128-163545",PSA8407,Brake,,Brake Reservoir Pressure Recharge Failed,PSA_Hardware,2025-11-28 04:35:00,Service recovery - Brake Pressure Recharge Failed,Root Cause Analysis
Bug,BUG-71306,141374,"Breakdown, Ingress caused by FATAL alert: Brake Reservoir Pressure Recharge Failed, PSA8407 20251128-145443",PSA8407,Brake,,Brake Reservoir Pressure Recharge Failed,PSA_Hardware,2025-11-28 02:54:00,Service recovery - Brake Pressure Recharge Failed,Root Cause Analysis
Bug,BUG-69172,137765,"Breakdown, Ingress caused by FATAL alert: Electronic Power Steering Bus Current Abnormal, PSA8407 20251107-145103",PSA8407,Steering,,Electronic Power Steering Bus Current Abnormal,Venti_Hardware,2025-11-07 02:51:00,,Initial Review
Bug,BUG-70277,139118,"Breakdown, Ingress caused by LiDAR Connection Error (Left RS-Bpearl) alerts, PSA8409 20251113-015027",PSA8409,LiDAR,,LiDAR Connection Error (Left RS-Bpearl),Venti_Hardware,2025-11-13 01:50:00,,Initial Review
Bug,BUG-67166,135061,"On Hold, Ingress PSA8412 20251026-211826",PSA8412,,,Driverless Flag Mismatch,,2025-10-26 09:18:00,,Initial Review
Bug,BUG-67167,135062,"On Hold, Ingress PSA8412 20251026-211935",PSA8412,,,Driverless Flag Mismatch,,2025-10-26 09:19:00,,Initial Review
Bug,BUG-69205,137814,"[High Brake Feedback Noise]On Hold, Ingress PSA8412 20251108-122319",PSA8412,Brake,,High Brake Feedback Noise (Front Brakes),Venti_Hardware,2025-11-08 12:23:00,,Initial Review
Bug,BUG-70261,139102,"Breakdown, Ingress caused by IMU Connection Error alerts, PSA8412 20251113-123712",PSA8412,IMU,,IMU Connection Error,Venti_Hardware,2025-11-13 12:37:00,Service Recovery - [Red] IMU Connection Error,Initial Review
Bug,BUG-69050,137574,"Breakdown, Ingress caused by IMU Connection Error alerts, PSA8412 20251105-151546",PSA8412,IMU,,IMU Connection Error,Venti_Hardware,2025-11-05 03:15:00,Service Recovery - [Red] IMU Connection Error,Initial Review
Bug,BUG-67190,135099,"Breakdown, Ingress caused by IMU Connection Error alerts, PSA8412 20251027-093758",PSA8412,IMU,,IMU Connection Error,Venti_Hardware,2025-10-27 09:37:00,Service Recovery - [Red] IMU Connection Error,Initial Review
Bug,BUG-67168,135071,"Breakdown, Ingress caused by IMU Connection Error alerts, PSA8412 20251026-113615",PSA8412,,,IMU Connection Error,,2025-10-26 11:36:00,Service Recovery - [Red] IMU Connection Error,Initial Review
Bug,BUG-69206,137815,"Breakdown, Ingress caused by LiDAR Connection Error (Top Front RS-LiDAR-16) alerts, PSA8412 20251109-190737",PSA8412,LiDAR,,LiDAR Connection Error (Top Front RS-LiDAR-16),Venti_Hardware,2025-11-09 07:07:00,Service recovery - Lidar connection,Root Cause Analysis
Bug,BUG-70998,140828,"On Hold, Ingress PSA8413 20251125-221404",PSA8413,Others,,Deviation from Path,Rubber Tyre Gantry (RTG),2025-11-25 10:14:00,,To Do
Bug,BUG-70255,139087,"[door]On Hold, Ingress PSA8413 20251112-101351",PSA8413,Door,,Left Cabin Door Open,"PSA_Hardware, Venti_Hardware",2025-11-12 10:13:00,,Initial Review
Bug,BUG-70256,139088,"[door]On Hold, Ingress PSA8413 20251112-182646",PSA8413,Door,,Left Cabin Door Open,"PSA_Hardware, Venti_Hardware",2025-11-12 06:26:00,,Initial Review
Bug,BUG-71177,141160,"On Hold, Ingress PSA8413 20251126-213333",PSA8413,Door,,Left Cabin Door Open,Venti_Hardware,2025-11-26 09:33:00,Service Recovery - Left Cabin Door Open,Developer Review
Bug,BUG-71323,141394,"On Hold, Ingress, Left Cabin Door Open, PSA8413 20251128-231914",PSA8413,Door,,Left Cabin Door Open,PSA_Hardware,2025-11-28 11:19:00,,To Do
Bug,BUG-71325,141396,"On Hold, Ingress PSA8413 20251130-022945",PSA8413,Others,,Navigation System Warning: High Latency 2,Junction,2025-11-30 02:29:00,Stuck for Unknown,Developer Review
Bug,BUG-70678,140218,"Breakdown, Ingress caused by FATAL alert: Brake Reservoir Pressure Recharge Failed, PSA8602 20251120-115433",PSA8602,Brake,,Brake Reservoir Pressure Recharge Failed,PSA_Hardware,2025-11-20 11:54:00,Service recovery - Brake Pressure Recharge Failed,Root Cause Analysis
Bug,BUG-71305,141373,"On Hold, Ingress PSA8602 20251128-003855",PSA8602,LiDAR,,Stopping For LiDAR Obstruction (Left RS-LiDAR-16),Venti_Hardware,2025-11-28 12:38:00,Lidar degradation,Developer Review
Bug,BUG-71321,141390,"[Left Cabin Door Open] On Hold, Ingress PSA8604 20251124-200206",PSA8604,Door,,Left Cabin Door Open,PSA_Hardware,2025-11-24 08:02:00,,Initial Review
Bug,BUG-71320,141389,"[Left Cabin Door Open] On Hold, Ingress PSA8604 20251124-115844",PSA8604,Door,,Left Cabin Door Open,PSA_Hardware,2025-11-24 11:58:00,,Initial Review
Bug,BUG-71319,141388,"[Left Cabin Door Open] On Hold, Ingress PSA8604 20251125-140034",PSA8604,Door,,Left Cabin Door Open,PSA_Hardware,2025-11-25 02:00:00,,Initial Review
Bug,BUG-71318,141387,"[Left Cabin Door Open] On Hold, Ingress PSA8604 20251125-120019",PSA8604,Door,,Left Cabin Door Open,PSA_Hardware,2025-11-25 12:00:00,,Initial Review
Bug,BUG-70735,140460,"[Left Cabin Door Open] On Hold, Ingress PSA8604 20251124-101439",PSA8604,Door,,Left Cabin Door Open,PSA_Hardware,2025-11-24 10:14:00,,Initial Review
Bug,BUG-70863,140656,"[Electronic Power Steering Error 2] On Hold, Ingress PSA8605 20251124-175050",PSA8605,Steering,,Electronic Power Steering Error 2,Venti_Hardware,2025-11-24 05:50:00,,Developer Review
Bug,BUG-67208,135117,"[stuck by curb not able to FMF]On Hold, Ingress PSA8605 20251025-104030",PSA8605,,,,,2025-10-25 10:40:00,,Initial Review
Bug,BUG-70736,140462,"On Hold, Ingress PSA8605 20251123-235050",PSA8605,,,,,2025-11-23 11:50:00,,Initial Review
Bug,BUG-69219,137850,"Breakdown, Ingress caused by FATAL alert: Brake Maintenance Required, PSA8606 20251109-212445",PSA8606,Brake,,Brake Maintenance Required Imbalance Brake signals (Front Brakes),Venti_Hardware,2025-11-09 09:24:00,,Initial Review
Bug,BUG-67659,135892,"[road blockage, ro cannot path select]On Hold, Ingress PSA8606 20251102-215142",PSA8606,,,Driverless Flag Mismatch,,2025-11-02 09:51:00,,Initial Review
Bug,BUG-67686,135927,"Breakdown, Ingress caused by FATAL alert: Electronic Power Steering Motor Error, PSA8606 20251031-203022",PSA8606,Steering,,Electronic Power Steering Motor Error,Venti_Hardware,2025-10-31 08:30:00,,Initial Review
Bug,BUG-67200,135109,"Breakdown, Ingress caused by FATAL alert: Brake Reservoir Pressure Recharge Failed, PSA8607 20251024-221104",PSA8607,,,Brake Reservoir Pressure Recharge Failed,Venti_Hardware,2025-10-24 10:11:00,Service recovery - Brake Pressure Recharge Failed,Root Cause Analysis
Bug,BUG-70692,140234,"[Firefox] Breakdown, Ingress caused by FATAL alert: Critical Middleware Fault, PSA8607 20251120-005921",PSA8607,Others,,Critical Middleware Fault,Venti_Hardware,2025-11-20 12:59:00,Keyboard,Initial Review
Bug,BUG-70671,140211,"[Firefox] Breakdown, Ingress caused by FATAL alert: Critical Middleware Fault, PSA8607 20251120-024610",PSA8607,Others,,Critical Middleware Fault,Venti_Hardware,2025-11-20 02:46:00,Keyboard,Initial Review
Bug,BUG-70670,140210,"[Firefox] Breakdown, Ingress caused by FATAL alert: Critical Middleware Fault, PSA8607 20251120-012949",PSA8607,Others,,Critical Middleware Fault,Venti_Hardware,2025-11-20 01:29:00,Keyboard,Initial Review
Bug,BUG-69043,137564,"[Electronic Power Steering Error 2] On Hold, Ingress PSA8607 20251105-182235",PSA8607,Steering,,Electronic Power Steering Error 2,Venti_Hardware,2025-11-05 06:22:00,,Initial Review
Bug,BUG-67201,135110,"Breakdown, Ingress caused by FATAL alert: Electronic Power Steering Motor Error, PSA8607 20251024-221013",PSA8607,Steering,,Electronic Power Steering Motor Error,Venti_Hardware,2025-10-24 10:10:00,Electronic Power Steering Motor Error,Initial Review
Bug,BUG-71387,141470,"On Hold, Ingress PSA8607 20251129-004131",PSA8607,Others,,,"Junction, Congestion",2025-11-29 12:41:00,,Developer Review
Bug,BUG-70861,140654,"Breakdown, Ingress caused by FATAL alert: Electronic Power Steering Motor Terminal Voltage Abnormal, PSA8608 20251125-055004",PSA8608,Steering,,Electronic Power Steering Motor Terminal Voltage Abnormal,Venti_Hardware,2025-11-25 05:50:00,,Developer Review
Bug,BUG-70651,140189,"Breakdown, Ingress caused by FATAL alert: Electronic Power Steering Sensor Mismatch, PSA8608 20251121-050311",PSA8608,Steering,,Electronic Power Steering Sensor Mismatch,Venti_Hardware,2025-11-21 05:03:00,Service recovery - Electronic Power Steering Sensor Mismatch,Initial Review
Bug,BUG-71165,141138,"Breakdown, Ingress caused by LiDAR Connection Error (Left RS-LiDAR-M1) alerts, PSA8608 20251126-221349",PSA8608,LiDAR,,LiDAR Connection Error (Left RS-LiDAR-M1),Venti_Hardware,2025-11-26 10:13:00,Service recovery - Lidar connection,Root Cause Analysis
Bug,BUG-71160,141130,"Breakdown, Ingress caused by LiDAR Connection Error (Left RS-LiDAR-M1) alerts, PSA8608 20251127-153644",PSA8608,LiDAR,,LiDAR Connection Error (Left RS-LiDAR-M1),Venti_Hardware,2025-11-27 03:36:00,Service recovery - Lidar connection,Root Cause Analysis
Bug,BUG-71158,141128,"Breakdown, Ingress caused by LiDAR Connection Error (Left RS-LiDAR-M1) alerts, PSA8608 20251127-142333",PSA8608,LiDAR,,LiDAR Connection Error (Left RS-LiDAR-M1),Venti_Hardware,2025-11-27 02:23:00,Service recovery - Lidar connection,Root Cause Analysis
Bug,BUG-71157,141127,"Breakdown, Ingress caused by LiDAR Connection Error (Left RS-LiDAR-M1) alerts, PSA8608 20251127-135520",PSA8608,LiDAR,,LiDAR Connection Error (Left RS-LiDAR-M1),Venti_Hardware,2025-11-27 01:55:00,Service recovery - Lidar connection,Root Cause Analysis
Bug,BUG-67295,135232,"Breakdown, Ingress caused by FATAL alert: Critical Middleware Fault, PSA8610 20251027-180809",PSA8610,,,Critical Middleware Fault,Path Selection by ROO,2025-10-27 06:08:00,[Planning][Route_handler]: Replan path is a looping path causing it looked up to a wrong starting seg idx,Root Cause Analysis
Bug,BUG-70273,139114,"[Electronic Power Steering Error 2]On Hold, Ingress PSA8610 20251112-163224",PSA8610,Steering,,Electronic Power Steering Error 2,Venti_Hardware,2025-11-12 04:32:00,,Initial Review
